file|label|package|version|size_mb
Cut the Rope_ Origins RC v10.23.0.ipa|Cut the Rope: Origins RC|com.zeptolab.cuttheropehd1|10.23.0|183.46
Cut the Rope_ Origins RC v10.23.0 (1).ipa|Cut the Rope: Origins RC|com.zeptolab.cuttheropehd1|10.23.0|183.45
1003 v1.0.ipa||||186.42
1005 v1.0.ipa||||186.42
Steel Revolt v1.12.ipa|Steel Revolt|com.zeptolab.steel-revolt|1.12|152.07
1010 v1.0.ipa||||28.2
1006.apk|Bullet Echo|com.zeptolab.bulletecho.google.beta|7.4.0|422.52
1012.apk|Bullet Echo|com.zeptolab.bulletecho.google.beta|7.4.0|467.51
1014 v1.0.ipa||||60.32
1013 v1.0.ipa||||170.98
Cut the Rope_ Origins RC v10.24.0.ipa|Cut the Rope: Origins RC|com.zeptolab.cuttheropehd1|10.24.0|185.63
1018 v1.0.ipa||||52.67
1020 v1.0.ipa||||167.02
1021 v1.0.apk||||167.01
1035 v1.0.ipa||||70.11
Cut the Rope_ Origins RC v10.25.0.ipa|Cut the Rope: Origins RC|com.zeptolab.cuttheropehd1|10.25.0|193.37
SteelRevolt v2.0.0.ipa|SteelRevolt|com.zeptolab.steelrevoltremastered|2.0.0|72.19
1022.apk|Bullet Echo|com.zeptolab.bulletecho.google.beta|7.4.0|418.64
1050 v1.0.ipa||||50.32
1052 v1.0.ipa||||50.33
1055 v1.0.ipa||||73.46
Steel Revolt v1.15.ipa|Steel Revolt|com.zeptolab.steel-revolt|1.15|155.94
1053.apk|Noodle Out|com.zeptolab.dragmeout|0.1.0|88.04
Cut the Rope_ Origins RC v10.26.0.ipa|Cut the Rope: Origins RC|com.zeptolab.cuttheropehd1|10.26.0|201.3
Cargo Craze v1.0.0.ipa|Cargo Craze|com.zeptolab.cargocraze|1.0.0|60.6
RollingOut v1.0.0.ipa|RollingOut|com.zeptolab.rollingout|1.0.0|62.43
Furniture Out v1.0.0.ipa|Furniture Out|com.zeptolab.furnitureout|1.0.0|37.58
Turn To Orange v1.0.0.ipa|Turn To Orange|com.zeptolab.turntoorange|1.0.0|63.08
Place Your People v1.0.0.ipa|Place Your People|com.zeptolab.placeyourpeople|1.0.0|92.53
1071.apk|Place Your People|com.zeptolab.placeyourpeople|1.0.0|164.84
Place Your People v1.0.0 (1).ipa|Place Your People|com.zeptolab.placeyourpeople|1.0.0|94.84
Place Your People v1.0.0 (2).ipa|Place Your People|com.zeptolab.placeyourpeople|1.0.0|96.96
1074.apk|Place Your People|com.zeptolab.placeyourpeople|1.0.0|167.46
Place Your People v1.0.0 (3).ipa|Place Your People|com.zeptolab.placeyourpeople|1.0.0|97.01
1078 v1.0.ipa||||167.67
HappyCouchBurglars v1.0.0.ipa|HappyCouchBurglars|com.zeptolab.happycouchburglars|1.0.0|72.9
HappyCouchBurglars v1.0.0 (1).ipa|HappyCouchBurglars|com.zeptolab.happycouchburglars|1.0.0|72.9
HappyCouchBurglars v1.0.0 (2).ipa|HappyCouchBurglars|com.zeptolab.happycouchburglars|1.0.0|72.9
1085.apk|HappyCouchBurglars|com.zeptolab.happycouchburglars|1.0.0|139.43
1087 v1.0.ipa||||167.67
1088 v1.0.ipa||||167.68
1089 v1.0.ipa||||57.0
1086.apk|Bullet Echo|com.zeptolab.bulletecho.google.beta|7.6.0|428.27
Cut the Rope Daily v1.12.0.ipa|Cut the Rope Daily|com.zeptolab.ctrdaily|1.12.0|231.74
Idle Art v1.0.0.ipa|Idle Art|com.zeptolab.idle-art|1.0.0|40.48
Wicked Woods v1.0.ipa|Wicked Woods|com.zeptolab.ww|1.0|13.01
1091.apk|Bullet Echo|com.zeptolab.bulletecho.google.beta|7.6.0|428.27
Fantasy Miner v1.0.0.ipa|Fantasy Miner|com.zeptolab.fantasy-miner|1.0.0|24.55
World of Tower Defence v1.0.0.ipa|World of Tower Defence|com.zeptolab.world-of-tower-defence|1.0.0|50.82
Fantasy Miner v1.0.0 (1).ipa|Fantasy Miner|com.zeptolab.fantasy-miner|1.0.0|24.55
796.apk|Fantasy Miner|com.zeptolab.fantasyminer|1.0.0|38.62
Overcrowded Dungeons v1.0.0.ipa|Overcrowded Dungeons|com.zeptolab.overcrowded-dungeons|1.0.0|51.51
Overcrowded Dungeons v1.0.0 (1).ipa|Overcrowded Dungeons|com.zeptolab.overcrowded-dungeons|1.0.0|51.51
World of Tower Defence v1.0.0 (1).ipa|World of Tower Defence|com.zeptolab.world-of-tower-defence|1.0.0|30.78
World of Tower Defence v1.0.0 (2).ipa|World of Tower Defence|com.zeptolab.world-of-tower-defence|1.0.0|30.78
Idle Racing v1.0.0.ipa|Idle Racing|com.zeptolab.idle-racing|1.0.0|47.89
World of Tower Defence v1.0.0 (3).ipa|World of Tower Defence|com.zeptolab.world-of-tower-defence|1.0.0|30.78
Idle Art v1.0.0 (1).ipa|Idle Art|com.zeptolab.idle-art|1.0.0|42.49
Overcrowded Dungeons v1.0.0 (2).ipa|Overcrowded Dungeons|com.zeptolab.overcrowded-dungeons|1.0.0|51.5
Idle Racing v1.0.0 (1).ipa|Idle Racing|com.zeptolab.idle-racing|1.0.0|47.94
Idle Racing v1.0.0 (2).ipa|Idle Racing|com.zeptolab.idle-racing|1.0.0|47.94
812.apk|Idle Racing|com.zeptolab.idleracing|1.0.0|42.14
Idle Racing v1.0.0 (3).ipa|Idle Racing|com.zeptolab.idle-racing|1.0.0|47.94
Space Litter v1.0.0.ipa|Space Litter|com.zeptolab.space-litter|1.0.0|63.65
816.apk|Overcrowded Dungeons|com.zeptolab.overcrowdeddungeons|1.0.0|43.07
Overcrowded Dungeons v1.0.0 (3).ipa|Overcrowded Dungeons|com.zeptolab.overcrowded-dungeons|1.0.0|51.5
Idle Art v1.0.0 (2).ipa|Idle Art|com.zeptolab.idle-art|1.0.0|49.67
Overcrowded Dungeons v1.0.0 (4).ipa|Overcrowded Dungeons|com.zeptolab.overcrowded-dungeons|1.0.0|51.5
819.apk|Overcrowded Dungeons|com.zeptolab.overcrowdeddungeons|1.0.0|42.92
Idle Art v1.0.0 (3).ipa|Idle Art|com.zeptolab.idle-art|1.0.0|52.92
Space Litter v1.0.0 (1).ipa|Space Litter|com.zeptolab.space-litter|1.0.0|63.97
824.apk|Space Litter|com.zeptolab.spacelitter|1.0.0|51.38
Space Litter v1.0.0 (2).ipa|Space Litter|com.zeptolab.space-litter|1.0.0|63.97
826.apk|Space Litter|com.zeptolab.spacelitter|1.0.0|37.0
Space Litter v1.0.0 (3).ipa|Space Litter|com.zeptolab.space-litter|1.0.0|37.84
831.apk|Idle Art|com.zeptolab.idleart|1.0.0|137.3
Idle Art v1.0.0 (4).ipa|Idle Art|com.zeptolab.idle-art|1.0.0|53.01
832.apk|Space Litter|com.zeptolab.spacelitter|1.0.0|51.84
Space Litter v1.0.0 (4).ipa|Space Litter|com.zeptolab.space-litter|1.0.0|30.81
Space Litter v1.0.0 (5).ipa|Space Litter|com.zeptolab.space-litter|1.0.0|25.4
835.apk|Space Litter|com.zeptolab.spacelitter|1.0.0|46.49
Space Litter v1.0.0 (6).ipa|Space Litter|com.zeptolab.space-litter|1.0.0|25.4
Space Litter v1.0.0 (7).ipa|Space Litter|com.zeptolab.space-litter|1.0.0|31.87
Space Litter v1.0.0 (8).ipa|Space Litter|com.zeptolab.space-litter|1.0.0|31.87
draw-the-rope v1.0.0.ipa|draw-the-rope|com.zeptolab.drawtherope|1.0.0|21.54
OmNom Verse v1.0.3.ipa|OmNom Verse|com.zeptolab.omnomverse|1.0.3|25.54
Cozy City v0.0.1.ipa|Cozy City|com.zeptolab.idlecity|0.0.1|31.84
Space Litter v1.0.0 (9).ipa|Space Litter|com.zeptolab.space-litter|1.0.0|31.87
Snackdown v1.0.ipa|Snackdown|com.zeptolab.snackdown|1.0|36.02
Emoji Shooter v1.0.ipa|Emoji Shooter|com.zeptolab.emojishooter|1.0|38.42
849 v1.0.ipa||||158.54
Space Litter v1.0.0 (10).ipa|Space Litter|com.zeptolab.space-litter|1.0.0|31.87
Cowboy Valley v0.24.0.ipa|Cowboy Valley|com.zeptolab.cowboyvalley|0.24.0|142.36
Steel Revolt v1.0.ipa|Steel Revolt|com.zeptolab.betterthanyou|1.0|54.7
Cut the Rope_ Origins RC v10.9.0.ipa|Cut the Rope: Origins RC|com.zeptolab.cuttheropehd1|10.9.0|176.44
854 v1.0.ipa||||99.97
Cut the Rope Daily v1.6.0.ipa|Cut the Rope Daily|com.zeptolab.ctrdaily|1.6.0|171.58
856 v1.0.ipa||||128.62
Cozy City v0.0.1 (1).ipa|Cozy City|com.zeptolab.idlecity|0.0.1|31.84
Swarmhold v1.4.ipa|Swarmhold|com.zeptolab.shooter2d|1.4|47.33
DreamSchool v1.0.0.ipa|DreamSchool|com.zeptolab.zebtoblox|1.0.0|52.49
Snackdown v1.0 (1).ipa|Snackdown|com.zeptolab.snackdown|1.0|36.02
Cut the Rope 3 v1.3.0.ipa|Cut the Rope 3|com.zeptolab.ctr3|1.3.0|209.69
Emoji Shooter v1.0 (1).ipa|Emoji Shooter|com.zeptolab.emojishooter|1.0|38.42
OnSweetDreams v1.0.ipa|OnSweetDreams|com.zeptolab.OnSweetDreams|1.0|95.16
OmNom Verse v1.0.3 (1).ipa|OmNom Verse|com.zeptolab.omnomverse|1.0.3|25.54
BigAdventure v1.0.ipa|BigAdventure|com.zeptolab.BigAdventure|1.0|64.71
CTRNibbleAdventure v1.0.ipa|CTRNibbleAdventure|com.zeptolab.CTRNibbleAdventureGame|1.0|129.96
OmNomMagicCandies v1.0.ipa|OmNomMagicCandies|com.zeptolab.OmNomMagicCandies|1.0|185.77
draw-the-rope v1.0.0 (1).ipa|draw-the-rope|com.zeptolab.drawtherope|1.0.0|21.54
887.apk|draw-the-rope|com.zeptolab.drawtherope|1.0|21.26
890.apk|OmNomFarm|com.DefaultCompany.OmNomFarm|0.1.11|72.06
891 v1.0.ipa||||260.12
892 v1.0.ipa||||260.12
893 v1.0.ipa||||260.12
894 v1.0.ipa||||260.12
895 v1.0.ipa||||260.12
896 v1.0.ipa||||159.49
899.apk|Cowboy Valley|com.pantelisdev.cowboyvalley|0.27.0|181.69
Cowboy Valley v0.26.0.ipa|Cowboy Valley|com.zeptolab.cowboyvalley|0.26.0|111.69
900.apk|Cowboy Valley|com.pantelisdev.cowboyvalley|0.27.0|181.69
Cowboy Valley v0.26.0 (1).ipa|Cowboy Valley|com.zeptolab.cowboyvalley|0.26.0|111.69
Cowboy Valley v0.26.0 (2).ipa|Cowboy Valley|com.zeptolab.cowboyvalley|0.26.0|111.69
Cowboy Valley v0.26.0 (3).ipa|Cowboy Valley|com.zeptolab.cowboyvalley|0.26.0|111.69
908.apk|Steel Revolt|com.harrisleodev.steelrevolt|1.3|107.08
Cozy City v0.0.2.ipa|Cozy City|com.zeptolab.idlecity|0.0.2|32.38
Stronghold v0.0.1.ipa|Stronghold|com.zeptolab.stronghold|0.0.1|30.81
Stronghold Defense v0.0.1.ipa|Stronghold Defense|com.zeptolab.stronghold|0.0.1|31.06
Zombillion Spin v0.0.1.ipa|Zombillion Spin|com.zeptolab.billions|0.0.1|32.91
Esher TD v0.0.1.ipa|Esher TD|com.zeptolab.escher|0.0.1|26.47
920.apk|Zombillion Spin|com.zeptolab.billionsrealtime|0.0.1|45.83
Zombillion Spin RT v0.0.1.ipa|Zombillion Spin RT|com.zeptolab.billionsrealtime|0.0.1|33.01
Necro Horde v0.1.0.ipa|Necro Horde|com.zeptolab.necrohorde|0.1.0|30.84
Necro Horde v0.1.1.ipa|Necro Horde|com.zeptolab.necrohorde|0.1.1|27.03
926.apk|Necro Horde|com.zeptolab.necrohorde|0.1.0|50.64
Cut the Rope_ Origins RC v10.17.0.ipa|Cut the Rope: Origins RC|com.zeptolab.cuttheropehd1|10.17.0|221.73
Cut the Rope Daily v1.9.0.ipa|Cut the Rope Daily|com.zeptolab.ctrdaily|1.9.0|207.68
Cut the Rope_ Origins RC v10.18.0.ipa|Cut the Rope: Origins RC|com.zeptolab.cuttheropehd1|10.18.0|219.59
Dice War TD v0.1.0.ipa|Dice War TD|com.zeptolab.rollthedice|0.1.0|29.68
Cut the Rope_ Origins RC v10.18.0 (1).ipa|Cut the Rope: Origins RC|com.zeptolab.cuttheropehd1|10.18.0|219.88
Stagecoach Caravan Defender v0.0.1.ipa|Stagecoach Caravan Defender|com.zeptolab.caravandefender|0.0.1|37.4
937.apk|Cut the Rope: Origins|com.zeptolab.ctrorigins|0.18.0|258.03
Cut the Rope_ Origins Dev v10.18.0.ipa|Cut the Rope: Origins Dev|com.zeptolab.ctrorigins|10.18.0|172.53
Westward Rancher v0.0.1.ipa|Westward Rancher|com.zeptolab.wr|0.0.1|37.74
mergelife v0.0.1.ipa|mergelife|com.zeptolab.mergelife|0.0.1|25.15
943.apk|Cut the Rope: Origins Dev|com.zeptolab.ctrorigins|0.18.0|233.29
Steel Revolt v0.1.ipa|Steel Revolt|com.zeptolab.steel-revolt|0.1|116.61
Last Walker v0.1.0.ipa|Last Walker|com.zeptolab.walkermerge|0.1.0|20.51
Steel Revolt v1.7.ipa|Steel Revolt|com.zeptolab.steel-revolt|1.7|117.06
crashtest v0.0.8.ipa|crashtest|com.zeptolab.crashtest|0.0.8|48.95
956 v1.0.ipa||||177.59
BagMasters v0.0.1.ipa|BagMasters|com.zeptolab.bagmasters|0.0.1|19.57
BagMasters v0.0.1 (1).ipa|BagMasters|com.zeptolab.bagmasters|0.0.1|19.2
961.apk|BagMasters|com.zeptolab.bagmasters|0.0.1|47.2
BagMasters v0.0.1 (2).ipa|BagMasters|com.zeptolab.bagmasters|0.0.1|20.44
BagMasters v0.0.1 (3).ipa|BagMasters|com.zeptolab.bagmasters|0.0.1|20.44
965.apk|BagMasters|com.zeptolab.bagmasters|0.0.1|49.22
Cut the Rope Daily v1.10.0.ipa|Cut the Rope Daily|com.zeptolab.ctrdaily|1.10.0|217.28
Idle Hunters 2 v1.0.4.ipa|Idle Hunters 2|com.zeptolab.idlerpg.bow|1.0.4|35.17
Idle Hunters 1 v1.1.2.ipa|Idle Hunters 1|com.zeptolab.idlerpg|1.1.2|35.17
Steel Revolt v1.8.ipa|Steel Revolt|com.zeptolab.steel-revolt|1.8|126.26
974 v1.0.ipa||||178.69
Volcano Pop v0.1.0.ipa|Volcano Pop|com.zeptolab.volcanopop|0.1.0|21.19
975.apk|Bullet Echo|com.zeptolab.bulletecho.google.beta|7.0.0|409.72
978 v1.0.ipa||||178.69
Cut the Rope_ Origins RC v10.21.0.ipa|Cut the Rope: Origins RC|com.zeptolab.cuttheropehd1|10.21.0|166.46
King of Sticks v0.1.0.ipa|King of Sticks|com.zeptolab.kingofsticks|0.1.0|23.44
Steel Revolt v1.9.ipa|Steel Revolt|com.zeptolab.steel-revolt|1.9|127.82
Wobble Towers v0.1.0.ipa|Wobble Towers|com.zeptolab.wobbletowers|0.1.0|42.17
Cut the Rope_ Origins RC v10.22.0.ipa|Cut the Rope: Origins RC|com.zeptolab.cuttheropehd1|10.22.0|265.21
990 v1.0.ipa||||24.77
993 v1.0.ipa||||42.67
Cut the Rope Daily v1.11.0.ipa|Cut the Rope Daily|com.zeptolab.ctrdaily|1.11.0|236.02
BagMasters v0.0.1 (1).apk|BagMasters||0.0.1 (1)|49.22
995 v1.0.ipa||||44.22
BagMasters v0.0.1.apk|BagMasters||0.0.1|47.62
BigAdventure v1.0.apk|BigAdventure||1.0|150.67
998 v1.0.ipa||||186.4
Bullet Echo India_ Battle Royale v6.7.2.apk|Bullet Echo India_ Battle Royale||6.7.2|359.87
Bullet Echo v6.7.0.apk|Bullet Echo||6.7.0|359.94
999.apk|Cut the Rope: Origins RC|com.zeptolab.ctrorigins|0.23.0|237.96
Bullet Echo v7.0.0 (1).apk|Bullet Echo||7.0.0 (1)|409.72
Bullet Echo v7.0.0.apk|Bullet Echo||7.0.0|405.12
Bullet Echo v7.4.0 (1).apk|Bullet Echo||7.4.0 (1)|467.51
Bullet Echo v7.4.0 (2).apk|Bullet Echo||7.4.0 (2)|422.43
Bullet Echo v7.4.0.apk|Bullet Echo||7.4.0|422.51
Bullet Echo v7.5.0.apk|Bullet Echo||7.5.0|425.89
Cargo Craze v1.0.0.apk|Cargo Craze||1.0.0|116.06
Bullet Echo v7.6.0 (1).apk|Bullet Echo||7.6.0 (1)|428.3
Cowboy Valley v0.24.0.apk|Cowboy Valley||0.24.0|166.87
Circle Defender v0.1.0.apk|Circle Defender||0.1.0|105.72
Bullet Echo v7.6.0.apk|Bullet Echo||7.6.0|428.24
Cozy City v0.0.1.apk|Cozy City||0.0.1|55.44
Cowboy Valley v0.27.0 (1).apk|Cowboy Valley||0.27.0 (1)|181.69
Cowboy Valley v0.27.0 (2).apk|Cowboy Valley||0.27.0 (2)|181.69
Cozy City v0.0.2.apk|Cozy City||0.0.2|57.98
crashtest v0.0.8.apk|crashtest||0.0.8|75.96
Cowboy Valley v0.27.0.apk|Cowboy Valley||0.27.0|181.69
CTRNibbleAdventure v1.0.apk|CTRNibbleAdventure||1.0|239.66
Cut the Rope Daily v1.6.0.apk|Cut the Rope Daily||1.6.0|257.9
Cut the Rope Daily v1.11.0.apk|Cut the Rope Daily||1.11.0|316.43
Cut the Rope Daily v1.12.0.apk|Cut the Rope Daily||1.12.0|317.45
Cut the Rope Daily v1.10.0.apk|Cut the Rope Daily||1.10.0|291.63
Cut the Rope_ Origins PTC v0.24.0.apk|Cut the Rope_ Origins PTC||0.24.0|240.7
Cut the Rope_ Origins Dev v0.18.0.apk|Cut the Rope_ Origins Dev||0.18.0|233.29
Cut the Rope_ Origins PTC v0.25.0.apk|Cut the Rope_ Origins PTC||0.25.0|247.57
Cut the Rope Daily v1.9.0.apk|Cut the Rope Daily||1.9.0|259.34
Cut the Rope_ Origins RC v0.18.0.apk|Cut the Rope_ Origins RC||0.18.0|257.69
Cut the Rope_ Origins RC v0.21.0.apk|Cut the Rope_ Origins RC||0.21.0|211.77
Cut the Rope_ Origins RC v0.23.0.apk|Cut the Rope_ Origins RC||0.23.0|237.98
Cut the Rope_ Origins RC v0.22.0.apk|Cut the Rope_ Origins RC||0.22.0|290.62
Cut the Rope_ Origins v0.17.0.apk|Cut the Rope_ Origins||0.17.0|260.41
Cut the Rope_ Origins v0.18.0.apk|Cut the Rope_ Origins||0.18.0|257.69
Cut the Rope_ Origins RC v0.9.0.apk|Cut the Rope_ Origins RC||0.9.0|175.35
Dice War TD v0.1.0.apk|Dice War TD||0.1.0|57.1
draw-the-rope v1.0.apk|draw-the-rope||1.0|21.26
Emoji Shooter v1.0.apk|Emoji Shooter||1.0|59.82
Fantasy Miner v1.0.0.apk|Fantasy Miner||1.0.0|38.36
Esher TD v0.0.1.apk|Esher TD||0.0.1|50.69
Furniture Out v1.0.0.apk|Furniture Out||1.0.0|54.28
HappyCouchBurglars v1.0.0 (1).apk|HappyCouchBurglars||1.0.0 (1)|139.41
HappyCouchBurglars v1.0.0.apk|HappyCouchBurglars||1.0.0|139.41
Idle Art v1.0.0.apk|Idle Art||1.0.0|137.32
Idle Hunters 1 v1.1.2.apk|Idle Hunters 1||1.1.2|59.96
Idle Hunters 2 v1.0.4.apk|Idle Hunters 2||1.0.4|59.97
Idle Racing v1.0.0 (1).apk|Idle Racing||1.0.0 (1)|42.17
Fortress Pop v1.0.0.apk|Fortress Pop||1.0.0|89.65
Idle Racing v1.0.0.apk|Idle Racing||1.0.0|42.11
Idle Tiny Hunters v0.2.0.apk|Idle Tiny Hunters||0.2.0|90.41
Last Walker v0.1.0.apk|Last Walker||0.1.0|38.66
King of Sticks v0.1.0.apk|King of Sticks||0.1.0|44.44
mergelife v0.0.1.apk|mergelife||0.0.1|48.58
Motor Clash v0.1.0.apk|Motor Clash||0.1.0|58.13
Necro Horde v0.1.0.apk|Necro Horde||0.1.0|50.64
Necro Horde v0.1.1.apk|Necro Horde||0.1.1|70.08
OC Arena v0.5.23.apk|OC Arena||0.5.23|123.71
Om Nom Run 2 v3.0.18.apk|Om Nom Run 2||3.0.18|88.65
OmNomFarm v0.1.11.apk|OmNomFarm||0.1.11|72.06
Neon Merge Guards v0.1.1.apk|Neon Merge Guards||0.1.1|105.88
OmNomMagicCandies v1.0.apk|OmNomMagicCandies||1.0|200.6
Overcrowded Dungeons v1.0.0 (1).apk|Overcrowded Dungeons||1.0.0 (1)|42.92
OnSweetDreams v1.0.apk|OnSweetDreams||1.0|96.69
Noodle Out v0.1.0.apk|Noodle Out||0.1.0|88.04
Overcrowded Dungeons v1.0.0.apk|Overcrowded Dungeons||1.0.0|42.92
Place Your People v1.0.0 (2).apk|Place Your People||1.0.0 (2)|167.48
Place Your People v1.0.0 (1).apk|Place Your People||1.0.0 (1)|167.46
Place Your People v1.0.0.apk|Place Your People||1.0.0|157.44
RollingOut v1.0.0.apk|RollingOut||1.0.0|122.45
Slide Fortress v0.1.0.apk|Slide Fortress||0.1.0|54.34
Snackdown v1.0.apk|Snackdown||1.0|58.59
Space Litter v1.0.0 (1).apk|Space Litter||1.0.0 (1)|37.0
Overcrowded_ Airplane v0.9.2.apk|Overcrowded_ Airplane||0.9.2|136.76
Space Litter v1.0.0 (2).apk|Space Litter||1.0.0 (2)|36.95
Space Litter v1.0.0 (3).apk|Space Litter||1.0.0 (3)|46.49
Space Litter v1.0.0 (4).apk|Space Litter||1.0.0 (4)|52.98
Space Litter v1.0.0 (5).apk|Space Litter||1.0.0 (5)|52.98
Space Litter v1.0.0 (6).apk|Space Litter||1.0.0 (6)|52.98
Space Litter v1.0.0.apk|Space Litter||1.0.0|50.92
Stagecoach Caravan Defender v0.0.1.apk|Stagecoach Caravan Defender||0.0.1|48.41
Steel Revolt v1.0.apk|Steel Revolt||1.0|106.03
Steel Revolt v1.3.apk|Steel Revolt||1.3|107.08
Steel Revolt v1.5.apk|Steel Revolt||1.5|241.51
Steel Revolt v1.7.apk|Steel Revolt||1.7|241.98
Steel Revolt v1.8.apk|Steel Revolt||1.8|247.78
Steel Revolt v1.9.apk|Steel Revolt||1.9|250.38
Steel Revolt v1.12.apk|Steel Revolt||1.12|188.42
Steel Revolt v1.15.apk|Steel Revolt||1.15|308.53
Stronghold v0.0.1.apk|Stronghold||0.0.1|54.45
Stronghold Defense v0.0.1.apk|Stronghold Defense||0.0.1|54.28
SteelRevolt v2.0.0.apk|SteelRevolt||2.0.0|102.31
Sushi Merge Wasabi Rush v0.1.0.apk|Sushi Merge Wasabi Rush||0.1.0|85.79
SweetHarvest v1.0.apk|SweetHarvest||1.0|46.47
Swarmhold v1.4.apk|Swarmhold||1.4|69.29
They are almost billion v0.0.1.apk|They are almost billion||0.0.1|57.75
Turn To Orange v1.0.0.apk|Turn To Orange||1.0.0|120.29
Volcano Pop v0.1.0.apk|Volcano Pop||0.1.0|40.73
Westward Rancher v0.0.1.apk|Westward Rancher||0.0.1|68.62
Tile Tint v0.1.0.apk|Tile Tint||0.1.0|99.17
Tiny Hunters v3.11.0.apk|Tiny Hunters||3.11.0|167.47
Wobble Towers v0.1.0.apk|Wobble Towers||0.1.0|72.31
World of Tower Defence v1.0.0 (1).apk|World of Tower Defence||1.0.0 (1)|42.49
World of Tower Defence v1.0.0.apk|World of Tower Defence||1.0.0|101.29
Zombillion Spin RT v0.0.1.apk|Zombillion Spin RT||0.0.1|45.83
Zombillion Spin v0.0.1.apk|Zombillion Spin||0.0.1|57.75
