file|name|package|version|size_mb|confidence
Bullet Echo v7.4.0.apk|Bullet Echo|com.zeptolab.bulletecho.google.beta|7.4.0|422.52|3
Bullet Echo v7.4.0 (1).apk|Bullet Echo|com.zeptolab.bulletecho.google.beta|7.4.0|467.51|3
1021 v1.0.apk||||167.01|0
Bullet Echo v7.4.0 (2).apk|Bullet Echo|com.zeptolab.bulletecho.google.beta|7.4.0|418.64|3
Place Your People v1.0.0.apk|Place Your People|com.zeptolab.placeyourpeople|1.0.0|167.46|3
Noodle Out v0.1.0.apk|Noodle Out|com.zeptolab.dragmeout|0.1.0|88.04|3
Place Your People v1.0.0 (2).apk|Place Your People|com.zeptolab.placeyourpeople|1.0.0|164.84|3
HappyCouchBurglars v1.0.0.apk|HappyCouchBurglars|com.zeptolab.happycouchburglars|1.0.0|139.43|3
Bullet Echo v7.6.0.apk|Bullet Echo|com.zeptolab.bulletecho.google.beta|7.6.0|428.27|3
Bullet Echo v7.6.0 (1).apk|Bullet Echo|com.zeptolab.bulletecho.google.beta|7.6.0|428.27|3
Fantasy Miner v1.0.0.apk|Fantasy Miner|com.zeptolab.fantasyminer|1.0.0|38.62|3
Overcrowded Dungeons v1.0.0.apk|Overcrowded Dungeons|com.zeptolab.overcrowdeddungeons|1.0.0|43.07|3
Idle Racing v1.0.0.apk|Idle Racing|com.zeptolab.idleracing|1.0.0|42.14|3
Overcrowded Dungeons v1.0.0 (1).apk|Overcrowded Dungeons|com.zeptolab.overcrowdeddungeons|1.0.0|42.92|3
Idle Art v1.0.0.apk|Idle Art|com.zeptolab.idleart|1.0.0|137.3|3
Space Litter v1.0.0.apk|Space Litter|com.zeptolab.spacelitter|1.0.0|37.0|3
Space Litter v1.0.0 (3).apk|Space Litter|com.zeptolab.spacelitter|1.0.0|51.38|3
Space Litter v1.0.0 (5).apk|Space Litter|com.zeptolab.spacelitter|1.0.0|51.84|3
draw-the-rope v1.0.apk|draw-the-rope|com.zeptolab.drawtherope|1.0|21.26|3
Space Litter v1.0.0 (6).apk|Space Litter|com.zeptolab.spacelitter|1.0.0|46.49|3
Cowboy Valley v0.27.0.apk|Cowboy Valley|com.pantelisdev.cowboyvalley|0.27.0|181.69|3
OmNomFarm v0.1.11.apk|OmNomFarm|com.DefaultCompany.OmNomFarm|0.1.11|72.06|3
Cowboy Valley v0.27.0 (1).apk|Cowboy Valley|com.pantelisdev.cowboyvalley|0.27.0|181.69|3
Steel Revolt v1.3.apk|Steel Revolt|com.harrisleodev.steelrevolt|1.3|107.08|3
Zombillion Spin v0.0.1.apk|Zombillion Spin|com.zeptolab.billionsrealtime|0.0.1|45.83|3
Necro Horde v0.1.0.apk|Necro Horde|com.zeptolab.necrohorde|0.1.0|50.64|3
Cut the Rope_ Origins Dev v0.18.0.apk|Cut the Rope: Origins Dev|com.zeptolab.ctrorigins|0.18.0|233.29|3
BagMasters v0.0.1.apk|BagMasters|com.zeptolab.bagmasters|0.0.1|47.2|3
Cut the Rope_ Origins v0.18.0.apk|Cut the Rope: Origins|com.zeptolab.ctrorigins|0.18.0|258.03|3
BagMasters v0.0.1 (4).ipa|BagMasters|com.zeptolab.bagmasters|0.0.1|19.2|4
BagMasters v0.0.1 (1).apk|BagMasters|com.zeptolab.bagmasters|0.0.1|49.22|3
Bullet Echo v7.0.0.apk|Bullet Echo|com.zeptolab.bulletecho.google.beta|7.0.0|409.72|3
BagMasters v0.0.1 (4).apk|BagMasters|com.zeptolab.bagmasters|0.0.1|49.22|3
BagMasters v0.0.1 (5).ipa|BagMasters|com.zeptolab.bagmasters|0.0.1|20.44|4
BagMasters v0.0.1 (6).ipa|BagMasters|com.zeptolab.bagmasters|0.0.1|20.44|4
BagMasters v0.0.1 (7).ipa|BagMasters|com.zeptolab.bagmasters|0.0.1|19.57|4
Cut the Rope_ Origins RC v0.23.0.apk|Cut the Rope: Origins RC|com.zeptolab.ctrorigins|0.23.0|237.96|3
BigAdventure v1.0 (1).ipa|BigAdventure|com.zeptolab.BigAdventure|1.0|64.71|4
BagMasters v0.0.1 (5).apk|BagMasters|com.zeptolab.bagmasters|0.0.1|47.62|3
Bullet Echo India_ Battle Royale v6.7.2 (6).ipa|Bullet Echo India: Battle Royale|com.krafton.bulletechoindia|6.7.2|260.12|4
Bullet Echo India_ Battle Royale v6.7.2 (7).ipa|Bullet Echo India: Battle Royale|com.krafton.bulletechoindia|6.7.2|260.12|4
BigAdventure v1.0 (1).apk|BigAdventure|com.zeptodev.nibblenombigadventure|1.0|150.67|3
Bullet Echo India_ Battle Royale v6.7.2 (8).ipa|Bullet Echo India: Battle Royale|com.krafton.bulletechoindia|6.7.2|260.12|4
Bullet Echo India_ Battle Royale v6.7.2 (9).ipa|Bullet Echo India: Battle Royale|com.krafton.bulletechoindia|6.7.2|260.12|4
Bullet Echo India_ Battle Royale v6.7.2 (10).ipa|Bullet Echo India: Battle Royale|com.krafton.bulletechoindia|6.7.2|260.12|4
Bullet Echo India_ Battle Royale v6.7.2 (1).apk|Bullet Echo India: Battle Royale|com.krafton.bulletechoindia|6.7.2|359.87|3
Bullet Echo India_ Battle Royale v6.7.2 (11).ipa|Bullet Echo India: Battle Royale|com.krafton.bulletechoindia|6.7.2|159.49|4
Bullet Echo v6.7.0 (1).apk|Bullet Echo|com.zeptolab.bulletecho.google.beta|6.7.0|359.94|3
Bullet Echo v7.0.0 (3).apk|Bullet Echo|com.zeptolab.bulletecho.google.beta|7.0.0|409.72|3
Bullet Echo v7.0.0 (4).apk|Bullet Echo|com.zeptolab.bulletecho.google.beta|7.0.0|405.12|3
Bullet Echo v7.4.0 (6).apk|Bullet Echo|com.zeptolab.bulletecho.google.beta|7.4.0|467.51|3
Bullet Echo v6.7.0 (1).ipa|Bullet Echo|com.zeptolab.bulletecho-enterprise|6.7.0|158.54|4
Bullet Echo v7.4.0 (7).apk|Bullet Echo|com.zeptolab.bulletecho.google.beta|7.4.0|422.43|3
Bullet Echo v7.5.0 (1).apk|Bullet Echo|com.zeptolab.bulletecho.google|7.5.0|425.89|3
Bullet Echo v7.4.0 (8).apk|Bullet Echo|com.zeptolab.bulletecho.google.beta|7.4.0|422.51|3
Bullet Echo v7.6.0 (4).apk|Bullet Echo|com.zeptolab.bulletecho.google.beta|7.6.0|428.3|3
Bullet Echo v7.6.0 (5).apk|Bullet Echo|com.zeptolab.bulletecho.google.beta|7.6.0|428.24|3
bulletecho v7.0.0 (3).ipa|bulletecho|com.zeptolab.bulletecho-enterprise|7.0.0|178.69|3
bulletecho v7.0.0 (4).ipa|bulletecho|com.zeptolab.bulletecho-enterprise|7.0.0|177.59|3
bulletecho v7.4.0 (5).ipa|bulletecho|com.zeptolab.bulletecho-enterprise|7.4.0|186.42|3
bulletecho v7.0.0 (5).ipa|bulletecho|com.zeptolab.bulletecho-enterprise|7.0.0|178.69|3
bulletecho v7.4.0 (6).ipa|bulletecho|com.zeptolab.bulletecho-enterprise|7.4.0|167.02|3
bulletecho v7.4.0 (7).ipa|bulletecho|com.zeptolab.bulletecho-enterprise|7.4.0|170.98|3
bulletecho v7.6.0 (3).ipa|bulletecho|com.zeptolab.bulletecho-enterprise|7.6.0|167.67|3
bulletecho v7.4.0 (8).ipa|bulletecho|com.zeptolab.bulletecho-enterprise|7.4.0|186.4|3
bulletecho v7.4.0 (9).ipa|bulletecho|com.zeptolab.bulletecho-enterprise|7.4.0|186.42|3
bulletecho v7.6.0 (4).ipa|bulletecho|com.zeptolab.bulletecho-enterprise|7.6.0|167.68|3
Cargo Craze v1.0.0 (1).ipa|Cargo Craze|com.zeptolab.cargocraze|1.0.0|60.6|4
bulletecho v7.6.0 (5).ipa|bulletecho|com.zeptolab.bulletecho-enterprise|7.6.0|167.67|3
Cargo Craze v1.0.0 (1).apk|Cargo Craze|com.zeptolab.cargocraze|1.0.0|116.06|3
Cowboy Valley v0.26.0 (4).ipa|Cowboy Valley|com.zeptolab.cowboyvalley|0.26.0|111.69|4
Cowboy Valley v0.24.0 (1).ipa|Cowboy Valley|com.zeptolab.cowboyvalley|0.24.0|142.36|4
Cowboy Valley v0.26.0 (5).ipa|Cowboy Valley|com.zeptolab.cowboyvalley|0.26.0|111.69|4
Cowboy Valley v0.26.0 (6).ipa|Cowboy Valley|com.zeptolab.cowboyvalley|0.26.0|111.69|4
Cowboy Valley v0.26.0 (7).ipa|Cowboy Valley|com.zeptolab.cowboyvalley|0.26.0|111.69|4
Cowboy Valley v0.24.0 (1).apk|Cowboy Valley|com.pantelisdev.cowboyvalley|0.24.0|166.87|3
Circle Defender v0.1.0 (1).apk|Circle Defender|com.zeptolab.circledefender|0.1.0|105.72|3
Cozy City v0.0.1 (2).ipa|Cozy City|com.zeptolab.idlecity|0.0.1|31.84|4
Cowboy Valley v0.27.0 (5).apk|Cowboy Valley|com.pantelisdev.cowboyvalley|0.27.0|181.69|3
Cozy City v0.0.1 (3).ipa|Cozy City|com.zeptolab.idlecity|0.0.1|31.84|4
Cowboy Valley v0.27.0 (6).apk|Cowboy Valley|com.pantelisdev.cowboyvalley|0.27.0|181.69|3
Cozy City v0.0.2 (1).ipa|Cozy City|com.zeptolab.idlecity|0.0.2|32.38|4
Cowboy Valley v0.27.0 (7).apk|Cowboy Valley|com.pantelisdev.cowboyvalley|0.27.0|181.69|3
crashtest v0.0.8 (1).ipa|crashtest|com.zeptolab.crashtest|0.0.8|48.95|4
Cozy City v0.0.1 (1).apk|Cozy City|com.zeptolab.idlecity|0.0.1|55.44|3
CTRNibbleAdventure v1.0 (1).ipa|CTRNibbleAdventure|com.zeptolab.CTRNibbleAdventureGame|1.0|129.96|4
Cut the Rope 3 v1.3.0 (1).ipa|Cut the Rope 3|com.zeptolab.ctr3|1.3.0|209.69|4
Cozy City v0.0.2 (1).apk|Cozy City|com.zeptolab.idlecity|0.0.2|57.98|3
Cut the Rope Daily v1.10.0 (1).ipa|Cut the Rope Daily|com.zeptolab.ctrdaily|1.10.0|217.28|4
Cut the Rope Daily v1.10.0 (1).apk|Cut the Rope Daily|com.zeptolab.ctrdaily|1.10.0|291.63|3
Cut the Rope Daily v1.11.0 (1).ipa|Cut the Rope Daily|com.zeptolab.ctrdaily|1.11.0|236.02|4
crashtest v0.0.8 (1).apk|crashtest|com.zeptolab.crashtest|0.0.8|75.96|3
CTRNibbleAdventure v1.0 (1).apk|CTRNibbleAdventure|com.zeptolab.CTRNibbleAdventure|1.0|239.66|3
Cut the Rope Daily v1.12.0 (1).ipa|Cut the Rope Daily|com.zeptolab.ctrdaily|1.12.0|231.74|4
Cut the Rope Daily v1.6.0 (1).ipa|Cut the Rope Daily|com.zeptolab.ctrdaily|1.6.0|171.58|4
Cut the Rope Daily v1.12.0 (1).apk|Cut the Rope Daily|com.zeptolab.ctrdaily|1.12.0|317.45|3
Cut the Rope Daily v1.11.0 (1).apk|Cut the Rope Daily|com.zeptolab.ctrdaily|1.11.0|316.43|3
Cut the Rope Daily v1.9.0 (1).ipa|Cut the Rope Daily|com.zeptolab.ctrdaily|1.9.0|207.68|4
Cut the Rope_ Origins Dev v10.18.0 (1).ipa|Cut the Rope: Origins Dev|com.zeptolab.ctrorigins|10.18.0|172.53|4
Cut the Rope Daily v1.9.0 (1).apk|Cut the Rope Daily|com.zeptolab.ctrdaily|1.9.0|259.34|3
Cut the Rope Daily v1.6.0 (1).apk|Cut the Rope Daily|com.zeptolab.ctrdaily|1.6.0|257.9|3
Cut the Rope_ Origins Dev v0.18.0 (2).apk|Cut the Rope: Origins Dev|com.zeptolab.ctrorigins|0.18.0|233.29|3
Cut the Rope_ Origins PTC v0.24.0 (1).apk|Cut the Rope: Origins PTC|com.zeptolab.ctrorigins|0.24.0|240.7|3
Cut the Rope_ Origins PTC v0.25.0 (1).apk|Cut the Rope: Origins PTC|com.zeptolab.ctrorigins|0.25.0|247.57|3
Cut the Rope_ Origins RC v0.18.0 (1).apk|Cut the Rope: Origins RC|com.zeptolab.ctrorigins|0.18.0|257.69|3
Cut the Rope_ Origins RC v0.21.0 (1).apk|Cut the Rope: Origins RC|com.zeptolab.ctrorigins|0.21.0|211.77|3
Cut the Rope_ Origins RC v0.22.0 (1).apk|Cut the Rope: Origins RC|com.zeptolab.ctrorigins|0.22.0|290.62|3
Cut the Rope_ Origins RC v10.17.0 (1).ipa|Cut the Rope: Origins RC|com.zeptolab.cuttheropehd1|10.17.0|221.73|4
Cut the Rope_ Origins RC v10.18.0 (2).ipa|Cut the Rope: Origins RC|com.zeptolab.cuttheropehd1|10.18.0|219.88|4
Cut the Rope_ Origins RC v10.18.0 (3).ipa|Cut the Rope: Origins RC|com.zeptolab.cuttheropehd1|10.18.0|219.59|4
Cut the Rope_ Origins RC v10.21.0 (1).ipa|Cut the Rope: Origins RC|com.zeptolab.cuttheropehd1|10.21.0|166.46|4
Cut the Rope_ Origins RC v10.22.0 (1).ipa|Cut the Rope: Origins RC|com.zeptolab.cuttheropehd1|10.22.0|265.21|4
Cut the Rope_ Origins RC v10.23.0 (2).ipa|Cut the Rope: Origins RC|com.zeptolab.cuttheropehd1|10.23.0|183.45|4
Cut the Rope_ Origins RC v10.23.0 (3).ipa|Cut the Rope: Origins RC|com.zeptolab.cuttheropehd1|10.23.0|183.46|4
Cut the Rope_ Origins RC v0.23.0 (2).apk|Cut the Rope: Origins RC|com.zeptolab.ctrorigins|0.23.0|237.98|3
Cut the Rope_ Origins RC v10.24.0 (1).ipa|Cut the Rope: Origins RC|com.zeptolab.cuttheropehd1|10.24.0|185.63|4
Cut the Rope_ Origins RC v10.26.0 (1).ipa|Cut the Rope: Origins RC|com.zeptolab.cuttheropehd1|10.26.0|201.3|4
Cut the Rope_ Origins RC v10.25.0 (1).ipa|Cut the Rope: Origins RC|com.zeptolab.cuttheropehd1|10.25.0|193.37|4
Cut the Rope_ Origins RC v10.9.0 (1).ipa|Cut the Rope: Origins RC|com.zeptolab.cuttheropehd1|10.9.0|176.44|4
Cut the Rope_ Origins RC v0.9.0 (1).apk|Cut the Rope: Origins RC|com.zeptolab.ctrorigins|0.9.0|175.35|3
Cut the Rope_ Origins v0.17.0 (1).apk|Cut the Rope: Origins|com.zeptolab.ctrorigins|0.17.0|260.41|3
Dice War TD v0.1.0 (1).ipa|Dice War TD|com.zeptolab.rollthedice|0.1.0|29.68|4
draw-the-rope v1.0.0 (2).ipa|draw-the-rope|com.zeptolab.drawtherope|1.0.0|21.54|4
Cut the Rope_ Origins v0.18.0 (2).apk|Cut the Rope: Origins|com.zeptolab.ctrorigins|0.18.0|257.69|3
draw-the-rope v1.0.0 (3).ipa|draw-the-rope|com.zeptolab.drawtherope|1.0.0|21.54|4
DreamSchool v1.0.0 (1).ipa|DreamSchool|com.zeptolab.zebtoblox|1.0.0|52.49|4
Emoji Shooter v1.0 (2).ipa|Emoji Shooter|com.zeptolab.emojishooter|1.0|38.42|4
Dice War TD v0.1.0 (1).apk|Dice War TD|com.zeptolab.rollthedice|0.1.0|57.1|3
Emoji Shooter v1.0 (3).ipa|Emoji Shooter|com.zeptolab.emojishooter|1.0|38.42|4
Esher TD v0.0.1 (1).ipa|Esher TD|com.zeptolab.escher|0.0.1|26.47|4
draw-the-rope v1.0 (2).apk|draw-the-rope|com.zeptolab.drawtherope|1.0|21.26|3
Fantasy Miner v1.0.0 (2).ipa|Fantasy Miner|com.zeptolab.fantasy-miner|1.0.0|24.55|4
Fantasy Miner v1.0.0 (3).ipa|Fantasy Miner|com.zeptolab.fantasy-miner|1.0.0|24.55|4
Esher TD v0.0.1 (1).apk|Esher TD|com.zeptolab.escher|0.0.1|50.69|3
Fortress Pop v1.0.0 (1).ipa|Fortress Pop|com.zeptolab.fortresspop|1.0.0|60.32|4
Emoji Shooter v1.0 (1).apk|Emoji Shooter|com.pantelisdev.emojishooter|1.0|59.82|3
Fantasy Miner v1.0.0 (2).apk|Fantasy Miner|com.zeptolab.fantasyminer|1.0.0|38.36|3
Fortress Pop v1.0.0 (1).apk|Fortress Pop|com.zeptolab.fortresspop|1.0.0|89.65|3
Furniture Out v1.0.0 (1).ipa|Furniture Out|com.zeptolab.furnitureout|1.0.0|37.58|4
Gear Drop Heroes v0.0.1 (1).ipa|Gear Drop Heroes|com.zeptolab.gdhero|0.0.1|70.11|4
HappyCouchBurglars v1.0.0 (3).ipa|HappyCouchBurglars|com.zeptolab.happycouchburglars|1.0.0|72.9|4
HappyCouchBurglars v1.0.0 (4).ipa|HappyCouchBurglars|com.zeptolab.happycouchburglars|1.0.0|72.9|4
HappyCouchBurglars v1.0.0 (5).ipa|HappyCouchBurglars|com.zeptolab.happycouchburglars|1.0.0|72.9|4
Furniture Out v1.0.0 (1).apk|Furniture Out|com.zeptolab.furnitureout|1.0.0|54.28|3
Idle Art v1.0.0 (5).ipa|Idle Art|com.zeptolab.idle-art|1.0.0|42.49|4
HappyCouchBurglars v1.0.0 (3).apk|HappyCouchBurglars|com.zeptolab.happycouchburglars|1.0.0|139.41|3
Idle Art v1.0.0 (6).ipa|Idle Art|com.zeptolab.idle-art|1.0.0|49.67|4
Idle Art v1.0.0 (7).ipa|Idle Art|com.zeptolab.idle-art|1.0.0|52.92|4
Idle Art v1.0.0 (8).ipa|Idle Art|com.zeptolab.idle-art|1.0.0|53.01|4
HappyCouchBurglars v1.0.0 (4).apk|HappyCouchBurglars|com.zeptolab.happycouchburglars|1.0.0|139.41|3
Idle Art v1.0.0 (9).ipa|Idle Art|com.zeptolab.idle-art|1.0.0|40.48|4
Idle Hunters 1 v1.1.2 (1).ipa|Idle Hunters 1|com.zeptolab.idlerpg|1.1.2|35.17|4
Idle Hunters 2 v1.0.4 (1).ipa|Idle Hunters 2|com.zeptolab.idlerpg.bow|1.0.4|35.17|4
Idle Hunters 1 v1.1.2 (1).apk|Idle Hunters 1|com.zeptolab.idlerpg|1.1.2|59.96|3
Idle Racing v1.0.0 (4).ipa|Idle Racing|com.zeptolab.idle-racing|1.0.0|47.94|4
Idle Art v1.0.0 (2).apk|Idle Art|com.zeptolab.idleart|1.0.0|137.32|3
Idle Racing v1.0.0 (5).ipa|Idle Racing|com.zeptolab.idle-racing|1.0.0|47.94|4
Idle Hunters 2 v1.0.4 (1).apk|Idle Hunters 2|com.zeptolab.idlerpg.bow|1.0.4|59.97|3
Idle Racing v1.0.0 (6).ipa|Idle Racing|com.zeptolab.idle-racing|1.0.0|47.94|4
Idle Racing v1.0.0 (7).ipa|Idle Racing|com.zeptolab.idle-racing|1.0.0|47.89|4
Idle Racing v1.0.0 (3).apk|Idle Racing|com.zeptolab.idleracing|1.0.0|42.17|3
Kaiten Sushi Merge Deluxe v0.1.0 (1).ipa|Kaiten Sushi Merge Deluxe|com.zeptolab.sushimerge|0.1.0|42.67|4
Idle Racing v1.0.0 (4).apk|Idle Racing|com.zeptolab.idleracing|1.0.0|42.11|3
King of Sticks v0.1.0 (1).ipa|King of Sticks|com.zeptolab.kingofsticks|0.1.0|23.44|4
Idle Tiny Hunters v0.2.2 (1).ipa|Idle Tiny Hunters|com.zeptolab.idlerpg|0.2.2|52.67|4
Last Walker v0.1.0 (1).ipa|Last Walker|com.zeptolab.walkermerge|0.1.0|20.51|4
Idle Tiny Hunters v0.2.0 (1).apk|Idle Tiny Hunters|com.zeptolab.idlerpg|0.2.0|90.41|3
mergelife v0.0.1 (1).ipa|mergelife|com.zeptolab.mergelife|0.0.1|25.15|4
King of Sticks v0.1.0 (1).apk|King of Sticks|com.zeptolab.kingofsticks|0.1.0|44.44|3
Last Walker v0.1.0 (1).apk|Last Walker|com.zeptolab.walkermerge|0.1.0|38.66|3
Motor Clash v0.1.0 (1).ipa|Motor Clash|com.zeptolab.motor-clash|0.1.0|28.2|4
Necro Horde v0.1.0 (1).ipa|Necro Horde|com.zeptolab.necrohorde|0.1.0|30.84|4
mergelife v0.0.1 (1).apk|mergelife|com.zeptolab.mergelife|0.0.1|48.58|3
Necro Horde v0.1.1 (1).ipa|Necro Horde|com.zeptolab.necrohorde|0.1.1|27.03|4
Motor Clash v0.1.0 (1).apk|Motor Clash|com.zeptolab.motorclash|0.1.0|58.13|3
Necro Horde v0.1.0 (2).apk|Necro Horde|com.zeptolab.necrohorde|0.1.0|50.64|3
Neon Merge Guards v0.1.1 (1).ipa|Neon Merge Guards|com.zeptolab.circledefender|0.1.1|73.46|4
Necro Horde v0.1.1 (1).apk|Necro Horde|com.zeptolab.necrohorde|0.1.1|70.08|3
Neon Merge Guards v0.1.1 (1).apk|Neon Merge Guards|com.zeptolab.circledefender|0.1.1|105.88|3
Noodle Out v0.1.0 (2).ipa|Noodle Out|com.zeptolab.dragmeout|0.1.0|50.33|4
Noodle Out v0.1.0 (3).ipa|Noodle Out|com.zeptolab.dragmeout|0.1.0|50.32|4
OmNom Verse v1.0.3 (2).ipa|OmNom Verse|com.zeptolab.omnomverse|1.0.3|25.54|4
OmNom Verse v1.0.3 (3).ipa|OmNom Verse|com.zeptolab.omnomverse|1.0.3|25.54|4
OC Arena v0.5.23 (1).apk|OC Arena|com.pantelisdev.ocarena|0.5.23|123.71|3
OmNomFarm v0.1.11 (2).apk|OmNomFarm|com.DefaultCompany.OmNomFarm|0.1.11|72.06|3
OmNomMagicCandies v1.0 (1).ipa|OmNomMagicCandies|com.zeptolab.OmNomMagicCandies|1.0|185.77|4
Om Nom Run 2 v3.0.18 (1).apk|Om Nom Run 2|com.zeptolab.OmNomRun2.parkour|3.0.18|88.65|3
OnSweetDreams v1.0 (1).ipa|OnSweetDreams|com.zeptolab.OnSweetDreams|1.0|95.16|4
Noodle Out v0.1.0 (2).apk|Noodle Out|com.zeptolab.dragmeout|0.1.0|88.04|3
Overcrowded Dungeons v1.0.0 (5).ipa|Overcrowded Dungeons|com.zeptolab.overcrowded-dungeons|1.0.0|51.51|4
Overcrowded Dungeons v1.0.0 (6).ipa|Overcrowded Dungeons|com.zeptolab.overcrowded-dungeons|1.0.0|51.5|4
OnSweetDreams v1.0 (1).apk|OnSweetDreams|com.zeptodev.onsweetdreams|1.0|96.69|3
Overcrowded Dungeons v1.0.0 (7).ipa|Overcrowded Dungeons|com.zeptolab.overcrowded-dungeons|1.0.0|51.5|4
Overcrowded Dungeons v1.0.0 (8).ipa|Overcrowded Dungeons|com.zeptolab.overcrowded-dungeons|1.0.0|51.5|4
OmNomMagicCandies v1.0 (1).apk|OmNomMagicCandies|com.zeptolab.OmNomMagicCandies|1.0|200.6|3
Overcrowded Dungeons v1.0.0 (4).apk|Overcrowded Dungeons|com.zeptolab.overcrowdeddungeons|1.0.0|42.92|3
Overcrowded Dungeons v1.0.0 (9).ipa|Overcrowded Dungeons|com.zeptolab.overcrowded-dungeons|1.0.0|51.51|4
Overcrowded Dungeons v1.0.0 (5).apk|Overcrowded Dungeons|com.zeptolab.overcrowdeddungeons|1.0.0|42.92|3
Overcrowded_ Airplane v0.9.2 (1).ipa|Overcrowded: Airplane|com.zeptolab.idleplane-enterprise|0.9.2|99.97|4
Place Your People v1.0.0 (4).ipa|Place Your People|com.zeptolab.placeyourpeople|1.0.0|94.84|4
Place Your People v1.0.0 (5).ipa|Place Your People|com.zeptolab.placeyourpeople|1.0.0|96.96|4
Place Your People v1.0.0 (5).apk|Place Your People|com.zeptolab.placeyourpeople|1.0.0|167.46|3
Overcrowded_ Airplane v0.9.2 (1).apk|Overcrowded: Airplane|com.zeptolab.idleplane|0.9.2|136.76|3
Place Your People v1.0.0 (6).ipa|Place Your People|com.zeptolab.placeyourpeople|1.0.0|97.01|4
Place Your People v1.0.0 (7).ipa|Place Your People|com.zeptolab.placeyourpeople|1.0.0|92.53|4
RollingOut v1.0.0 (1).ipa|RollingOut|com.zeptolab.rollingout|1.0.0|62.43|4
Place Your People v1.0.0 (6).apk|Place Your People|com.zeptolab.placeyourpeople|1.0.0|167.48|3
Slide Fortress v0.1.0 (1).ipa|Slide Fortress|com.zeptolab.slide-fortress|0.1.0|24.77|4
Snackdown v1.0 (2).ipa|Snackdown|com.zeptolab.snackdown|1.0|36.02|4
RollingOut v1.0.0 (1).apk|RollingOut|com.zeptolab.rollingout|1.0.0|122.45|3
Snackdown v1.0 (3).ipa|Snackdown|com.zeptolab.snackdown|1.0|36.02|4
Place Your People v1.0.0 (7).apk|Place Your People|com.zeptolab.placeyourpeople|1.0.0|157.44|3
Snackdown v1.0 (1).apk|Snackdown|com.zeptolab.snackdown|1.0|58.59|3
Space Litter v1.0.0 (11).ipa|Space Litter|com.zeptolab.space-litter|1.0.0|63.97|4
Slide Fortress v0.1.0 (1).apk|Slide Fortress|com.zeptolab.slidefortress|0.1.0|54.34|3
Space Litter v1.0.0 (12).ipa|Space Litter|com.zeptolab.space-litter|1.0.0|31.87|4
Space Litter v1.0.0 (13).ipa|Space Litter|com.zeptolab.space-litter|1.0.0|63.97|4
Space Litter v1.0.0 (14).ipa|Space Litter|com.zeptolab.space-litter|1.0.0|37.84|4
Space Litter v1.0.0 (11).apk|Space Litter|com.zeptolab.spacelitter|1.0.0|50.92|3
Space Litter v1.0.0 (12).apk|Space Litter|com.zeptolab.spacelitter|1.0.0|37.0|3
Space Litter v1.0.0 (15).ipa|Space Litter|com.zeptolab.space-litter|1.0.0|30.81|4
Space Litter v1.0.0 (16).ipa|Space Litter|com.zeptolab.space-litter|1.0.0|25.4|4
Space Litter v1.0.0 (13).apk|Space Litter|com.zeptolab.spacelitter|1.0.0|52.98|3
Space Litter v1.0.0 (17).ipa|Space Litter|com.zeptolab.space-litter|1.0.0|25.4|4
Space Litter v1.0.0 (18).ipa|Space Litter|com.zeptolab.space-litter|1.0.0|31.87|4
Space Litter v1.0.0 (14).apk|Space Litter|com.zeptolab.spacelitter|1.0.0|36.95|3
Space Litter v1.0.0 (19).ipa|Space Litter|com.zeptolab.space-litter|1.0.0|31.87|4
Space Litter v1.0.0 (20).ipa|Space Litter|com.zeptolab.space-litter|1.0.0|31.87|4
Space Litter v1.0.0 (21).ipa|Space Litter|com.zeptolab.space-litter|1.0.0|63.65|4
Space Litter v1.0.0 (15).apk|Space Litter|com.zeptolab.spacelitter|1.0.0|46.49|3
Stagecoach Caravan Defender v0.0.1 (1).ipa|Stagecoach Caravan Defender|com.zeptolab.caravandefender|0.0.1|37.4|4
Steel Revolt v0.1 (1).ipa|Steel Revolt|com.zeptolab.steel-revolt|0.1|116.61|4
Space Litter v1.0.0 (16).apk|Space Litter|com.zeptolab.spacelitter|1.0.0|52.98|3
Space Litter v1.0.0 (17).apk|Space Litter|com.zeptolab.spacelitter|1.0.0|52.98|3
Steel Revolt v1.0 (1).ipa|Steel Revolt|com.zeptolab.betterthanyou|1.0|54.7|4
Stagecoach Caravan Defender v0.0.1 (1).apk|Stagecoach Caravan Defender|com.zeptolab.caravandefender|0.0.1|48.41|3
Steel Revolt v1.12 (1).ipa|Steel Revolt|com.zeptolab.steel-revolt|1.12|152.07|4
Steel Revolt v1.15 (1).ipa|Steel Revolt|com.zeptolab.steel-revolt|1.15|155.94|4
Steel Revolt v1.12 (1).apk|Steel Revolt|com.pantelisdev.steelrevolt|1.12|188.42|3
Steel Revolt v1.0 (1).apk|Steel Revolt|com.pantelisdev.betterthanyou|1.0|106.03|3
Steel Revolt v1.3 (2).apk|Steel Revolt|com.harrisleodev.steelrevolt|1.3|107.08|3
Steel Revolt v1.15 (1).apk|Steel Revolt|com.pantelisdev.steelrevolt|1.15|308.53|3
Steel Revolt v1.7 (1).ipa|Steel Revolt|com.zeptolab.steel-revolt|1.7|117.06|4
Steel Revolt v1.8 (1).ipa|Steel Revolt|com.zeptolab.steel-revolt|1.8|126.26|4
Steel Revolt v1.5 (1).apk|Steel Revolt|com.pantelisdev.steelrevolt|1.5|241.51|3
Steel Revolt v1.9 (1).ipa|Steel Revolt|com.zeptolab.steel-revolt|1.9|127.82|4
Steel Revolt v1.7 (1).apk|Steel Revolt|com.pantelisdev.steelrevolt|1.7|241.98|3
SteelRevolt v2.0.0 (1).ipa|SteelRevolt|com.zeptolab.steelrevoltremastered|2.0.0|72.19|4
Steel Revolt v1.8 (1).apk|Steel Revolt|com.pantelisdev.steelrevolt|1.8|247.78|3
Stronghold Defense v0.0.1 (1).ipa|Stronghold Defense|com.zeptolab.stronghold|0.0.1|31.06|4
Steel Revolt v1.9 (1).apk|Steel Revolt|com.pantelisdev.steelrevolt|1.9|250.38|3
Stronghold v0.0.1 (1).ipa|Stronghold|com.zeptolab.stronghold|0.0.1|30.81|4
SteelRevolt v2.0.0 (1).apk|SteelRevolt|com.zeptolab.steelrevoltremastered|2.0.0|102.31|3
Stronghold v0.0.1 (1).apk|Stronghold|com.zeptolab.stronghold|0.0.1|54.45|3
Stronghold Defense v0.0.1 (1).apk|Stronghold Defense|com.zeptolab.stronghold|0.0.1|54.28|3
Sushi Merge Wasabi Rush v0.1.0 (1).ipa|Sushi Merge Wasabi Rush|com.zeptolab.sushimerge|0.1.0|44.22|4
Swarmhold v1.4 (1).ipa|Swarmhold|com.zeptolab.shooter2d|1.4|47.33|4
Sushi Merge Wasabi Rush v0.1.0 (1).apk|Sushi Merge Wasabi Rush|com.zeptolab.sushimerge|0.1.0|85.79|3
SweetHarvest v1.0 (1).apk|SweetHarvest|com.zeptolab.sweetharvest|1.0|46.47|3
Tile Tint v0.1.0 (1).ipa|Tile Tint|com.zeptolab.ornament|0.1.0|57.0|4
They are almost billion v0.0.1 (1).apk|They are almost billion|com.zeptolab.billions|0.0.1|57.75|3
Swarmhold v1.4 (1).apk|Swarmhold|com.pantelisdev.swarmhold|1.4|69.29|3
Tile Tint v0.1.0 (1).apk|Tile Tint|com.colorful.ornament|0.1.0|99.17|3
Tiny Hunters v3.11.0 (1).ipa|Tiny Hunters|com.zeptolab.hunters|3.11.0|128.62|4
Tiny Hunters v3.11.0 (1).apk|Tiny Hunters|com.pantelisdev.hunters|3.11.0|167.47|3
Turn To Orange v1.0.0 (1).ipa|Turn To Orange|com.zeptolab.turntoorange|1.0.0|63.08|4
Volcano Pop v0.1.0 (1).ipa|Volcano Pop|com.zeptolab.volcanopop|0.1.0|21.19|4
Westward Rancher v0.0.1 (1).ipa|Westward Rancher|com.zeptolab.wr|0.0.1|37.74|4
Wicked Woods v1.0 (1).ipa|Wicked Woods|com.zeptolab.ww|1.0|13.01|4
Turn To Orange v1.0.0 (1).apk|Turn To Orange|com.zeptolab.turntoorange|1.0.0|120.29|3
Volcano Pop v0.1.0 (1).apk|Volcano Pop|com.zeptolab.volcanopop|0.1.0|40.73|3
Wobble Towers v0.1.0 (1).ipa|Wobble Towers|com.zeptolab.wobbletowers|0.1.0|42.17|4
World of Tower Defence v1.0.0 (4).ipa|World of Tower Defence|com.zeptolab.world-of-tower-defence|1.0.0|30.78|4
World of Tower Defence v1.0.0 (5).ipa|World of Tower Defence|com.zeptolab.world-of-tower-defence|1.0.0|30.78|4
Westward Rancher v0.0.1 (1).apk|Westward Rancher|com.zeptolab.wr|0.0.1|68.62|3
World of Tower Defence v1.0.0 (6).ipa|World of Tower Defence|com.zeptolab.world-of-tower-defence|1.0.0|30.78|4
World of Tower Defence v1.0.0 (7).ipa|World of Tower Defence|com.zeptolab.world-of-tower-defence|1.0.0|50.82|4
Wobble Towers v0.1.0 (1).apk|Wobble Towers|com.zeptolab.wobbletowers|0.1.0|72.31|3
Zombillion Spin RT v0.0.1 (1).ipa|Zombillion Spin RT|com.zeptolab.billionsrealtime|0.0.1|33.01|4
World of Tower Defence v1.0.0 (2).apk|World of Tower Defence|com.zeptolab.worldoftowerdefence|1.0.0|101.29|3
World of Tower Defence v1.0.0 (3).apk|World of Tower Defence|com.zeptolab.worldoftowerdefence|1.0.0|42.49|3
Zombillion Spin v0.0.1 (1).ipa|Zombillion Spin|com.zeptolab.billions|0.0.1|32.91|4
Zombillion Spin v0.0.1 (2).apk|Zombillion Spin|com.zeptolab.billions|0.0.1|57.75|3
Zombillion Spin RT v0.0.1 (1).apk|Zombillion Spin RT|com.zeptolab.billionsrealtime|0.0.1|45.83|3
